item_key,contrast,task_complexity,estimate,SE,df,asymp.LCL,asymp.UCL,z.ratio,p.value,lower.CL,upper.CL,dashboard_higher_reliance,chatbot_higher_reliance,ci_excludes_zero
r1,dashboard_minus_chatbot,easy,-0.012465675548102056,0.2576525913565856,Inf,-0.5174554751304257,0.4925241240342215,-0.04838172006137455,0.9614120275202968,-0.5174554751304257,0.4925241240342215,FALSE,TRUE,FALSE
r1,dashboard_minus_chatbot,mid,0.48523615029950046,0.2564827870595247,Inf,-0.017460874991623687,0.9879331755906247,1.891885829308641,0.0585061942455362,-0.017460874991623687,0.9879331755906247,TRUE,FALSE,FALSE
r1,dashboard_minus_chatbot,hard,-0.018173933297260816,0.2642924803242928,Inf,-0.5361776761176354,0.49982980952311384,-0.06876447364284066,0.9451770970482829,-0.5361776761176354,0.49982980952311384,FALSE,TRUE,FALSE
r2,dashboard_minus_chatbot,easy,0.37908316966073935,0.22949591714996387,Inf,-0.07072056255217785,0.8288869018736565,1.6518079030269974,0.09857371710648472,-0.07072056255217785,0.8288869018736565,TRUE,FALSE,FALSE
r2,dashboard_minus_chatbot,mid,0.1483569140575316,0.22093567705753317,Inf,-0.28466905587520563,0.5813828839902688,0.6714936946055048,0.5019060749619985,-0.28466905587520563,0.5813828839902688,TRUE,FALSE,FALSE
r2,dashboard_minus_chatbot,hard,-0.07625507592109582,0.22326108294494745,Inf,-0.5138387576426025,0.3613286058004108,-0.34155113338717913,0.732688717639921,-0.5138387576426025,0.3613286058004108,FALSE,TRUE,FALSE
r3,dashboard_minus_chatbot,easy,-0.4262531539102347,0.24658112326148252,Inf,-0.9095432747701722,0.05703696694970267,-1.7286528192923438,0.08387125023001475,-0.9095432747701722,0.05703696694970267,FALSE,TRUE,FALSE
r3,dashboard_minus_chatbot,mid,-0.6504664634424017,0.2487084481846627,Inf,-1.1379260645351867,-0.1630068623496167,-2.615377435668928,0.008912890313363007,-1.1379260645351867,-0.1630068623496167,FALSE,TRUE,TRUE
r3,dashboard_minus_chatbot,hard,-0.466833589002962,0.2537670695868906,Inf,-0.9642079058555372,0.030540727849613147,-1.8396145321886093,0.06582484931766208,-0.9642079058555372,0.030540727849613147,FALSE,TRUE,FALSE
