item_key,term,component,Estimate,Std. Error,z value,Pr(>|z|),conf.low,conf.high
r1,interface_conddashboard,location,-0.012465675548102056,0.2576525913565856,-0.04838172006137455,0.9614120275202968,-0.5174554751304257,0.4925241240342215
r1,task_complexitymid,location,-1.0325887615895657,0.20313902869155195,-5.083162837986477,3.712012034910998e-7,-1.4307339416794562,-0.6344435814996753
r1,task_complexityhard,location,-1.6646381917180244,0.21819469171650213,-7.629141564455976,2.3632202076341264e-14,-2.0922919291001887,-1.2369844543358601
r2,interface_conddashboard,location,0.37908316966073935,0.22949591714996387,1.6518079030269974,0.09857371710648472,-0.07072056255217785,0.8288869018736565
r2,task_complexitymid,location,0.9265020936890497,0.19747480674648282,4.691748324526725,2.7088022454202925e-6,0.5394585846119362,1.3135456027661632
r2,task_complexityhard,location,1.6723301629544773,0.20829509442321803,8.028658416489657,9.854430745980134e-16,1.2640792797286002,2.0805810461803542
r3,interface_conddashboard,location,-0.4262531539102347,0.24658112326148252,-1.7286528192923438,0.08387125023001475,-0.9095432747701722,0.05703696694970267
r3,task_complexitymid,location,0.7050867220249472,0.1946863536996485,3.6216545670823774,2.927248238523397e-4,0.32350848049220987,1.0866649635576844
r3,task_complexityhard,location,1.2820009795774359,0.20527184276550994,6.245381550171573,4.227668151214523e-10,0.8796755607168676,1.6843263984380041
