item_key,contrast,estimate,SE,df,asymp.LCL,asymp.UCL,z.ratio,p.value,lower.CL,upper.CL,dashboard_chatbot_gap_larger_at_higher_complexity,dashboard_chatbot_gap_smaller_at_higher_complexity,ci_excludes_zero
r1,did_mid_vs_easy,0.8819885608602871,0.45571305287863256,Inf,-0.20897928224478335,1.9729564039653575,1.9354033317434558,0.11469405119669628,-0.20897928224478335,1.9729564039653575,TRUE,FALSE,FALSE
r1,did_hard_vs_easy,-0.003420185522621414,0.4135952436657271,Inf,-0.9935588441593862,0.9867184731141433,-0.008269402453248836,0.9934020466535657,-0.9935588441593862,0.9867184731141433,FALSE,TRUE,FALSE
r1,did_hard_vs_mid,-0.8854087463829085,0.4272454181619309,Inf,-1.908225647027583,0.1374081542617661,-2.0723656913444732,0.11469405119669628,-1.908225647027583,0.1374081542617661,FALSE,TRUE,FALSE
r2,did_mid_vs_easy,-0.31364689888167374,0.429878934097059,Inf,-1.3427683834775452,0.7154745857141976,-0.7296168153493603,0.7556683660611824,-1.3427683834775452,0.7154745857141976,FALSE,TRUE,FALSE
r2,did_hard_vs_easy,-0.6919630310101508,0.4063294372796488,Inf,-1.6647074959292518,0.2807814339089504,-1.7029606214179354,0.2657263139299501,-1.6647074959292518,0.2807814339089504,FALSE,TRUE,FALSE
r2,did_hard_vs_mid,-0.37831613212847703,0.42898145648960245,Inf,-1.405289073461308,0.648656809204354,-0.8818939056813206,0.7556683660611824,-1.405289073461308,0.648656809204354,FALSE,TRUE,FALSE
r3,did_mid_vs_easy,-0.2490249266756545,0.40687689342471184,Inf,-1.223079990547323,0.725030137196014,-0.6120399823632007,1,-1.223079990547323,0.725030137196014,FALSE,TRUE,FALSE
r3,did_hard_vs_easy,0.17476817112523022,0.3828348194255352,Inf,-0.7417306532466676,1.0912669954971281,0.4565106470395757,1,-0.7417306532466676,1.0912669954971281,TRUE,FALSE,FALSE
r3,did_hard_vs_mid,0.4237930978008847,0.3501444990328611,Inf,-0.41444575990135624,1.2620319555031256,1.2103377290560022,0.678447977604811,-0.41444575990135624,1.2620319555031256,TRUE,FALSE,FALSE
