term,component,Estimate,Std. Error,z value,Pr(>|z|),estimate,SE,z.ratio,p.value,p.value.raw,conf.low,conf.high,lower.CL,upper.CL
0|5,threshold,-1.1918434095854586,0.29082148895100884,-4.098195817250059,4.1638296545414415e-5,-1.1918434095854586,0.29082148895100884,-4.098195817250059,4.1638296545414415e-5,4.1638296545414415e-5,-1.7618430538597492,-0.6218437653111681,-1.7618430538597492,-0.6218437653111681
5|10,threshold,-0.3746837813432297,0.27720748321689326,-1.3516366044493426,0.1764915944841401,-0.3746837813432297,0.27720748321689326,-1.3516366044493426,0.1764915944841401,0.1764915944841401,-0.918000464693332,0.16863290200687248,-0.918000464693332,0.16863290200687248
10|15,threshold,0.14609923132747243,0.27519506391769943,0.5308933570522372,0.5954926813772938,0.14609923132747243,0.27519506391769943,0.5308933570522372,0.5954926813772938,0.5954926813772938,-0.3932731826744165,0.6854716453293614,-0.3932731826744165,0.6854716453293614
15|20,threshold,0.5868819382467896,0.27623639066327216,2.124564170700411,0.033622996196675164,0.5868819382467896,0.27623639066327216,2.124564170700411,0.033622996196675164,0.033622996196675164,0.045468561327439816,1.1282953151661395,0.045468561327439816,1.1282953151661395
20|25,threshold,0.9863918968592984,0.27933565865433185,3.53120651194742,4.136686430114071e-4,0.9863918968592984,0.27933565865433185,3.53120651194742,4.136686430114071e-4,4.136686430114071e-4,0.4389040662990338,1.533879727419563,0.4389040662990338,1.533879727419563
25|30,threshold,1.2606200629948854,0.28244715225235617,4.463206843978259,8.074204059368484e-6,1.2606200629948854,0.28244715225235617,4.463206843978259,8.074204059368484e-6,8.074204059368484e-6,0.7070338170443662,1.8142063089454046,0.7070338170443662,1.8142063089454046
30|35,threshold,1.5114058744621688,0.2856284189004786,5.291510838733409,1.2130999953460854e-7,1.5114058744621688,0.2856284189004786,5.291510838733409,1.2130999953460854e-7,1.2130999953460854e-7,0.9515844604561112,2.0712272884682266,0.9515844604561112,2.0712272884682266
35|40,threshold,1.7300501075304762,0.2887468231660766,5.991581443427396,2.0781020816267324e-9,1.7300501075304762,0.2887468231660766,5.991581443427396,2.0781020816267324e-9,2.0781020816267324e-9,1.1641167334746103,2.295983481586342,1.1641167334746103,2.295983481586342
40|45,threshold,2.0915455239319263,0.293982950692207,7.114512998142276,1.1230868519851804e-12,2.0915455239319263,0.293982950692207,7.114512998142276,1.1230868519851804e-12,1.1230868519851804e-12,1.5153495285063863,2.6677415193574663,1.5153495285063863,2.6677415193574663
45|50,threshold,2.266417225795319,0.29630630533761493,7.648899753290556,2.027061830688303e-14,2.266417225795319,0.29630630533761493,7.648899753290556,2.027061830688303e-14,2.027061830688303e-14,1.6856675389414655,2.8471669126491728,1.6856675389414655,2.8471669126491728
50|55,threshold,2.554245974459483,0.29991539760643454,8.516554984653723,1.6436963196028885e-17,2.554245974459483,0.29991539760643454,8.516554984653723,1.6436963196028885e-17,1.6436963196028885e-17,1.9664225967418614,3.142069352177105,1.9664225967418614,3.142069352177105
55|60,threshold,2.854957668544765,0.30402332970027124,9.390587463664035,5.966652690075205e-21,2.854957668544765,0.30402332970027124,9.390587463664035,5.966652690075205e-21,5.966652690075205e-21,2.259082891872287,3.450832445217243,2.259082891872287,3.450832445217243
60|65,threshold,3.3447783582636372,0.3137173517067601,10.66175759825389,1.5366560353394894e-26,3.3447783582636372,0.3137173517067601,10.66175759825389,1.5366560353394894e-26,1.5366560353394894e-26,2.7299036475931024,3.959653068934172,2.7299036475931024,3.959653068934172
65|70,threshold,3.6660854256812927,0.3225605135070611,11.365574123817977,6.2055119331138954e-30,3.6660854256812927,0.3225605135070611,11.365574123817977,6.2055119331138954e-30,6.2055119331138954e-30,3.0338784363727074,4.298292414989878,3.0338784363727074,4.298292414989878
70|75,threshold,4.184723110098517,0.34423116506960894,12.156723547248548,5.283559330886423e-34,4.184723110098517,0.34423116506960894,12.156723547248548,5.283559330886423e-34,5.283559330886423e-34,3.510042424205821,4.859403795991213,3.510042424205821,4.859403795991213
75|80,threshold,4.614468216896753,0.37232480556825837,12.393663134676052,2.8282299644718566e-35,4.614468216896753,0.37232480556825837,12.393663134676052,2.8282299644718566e-35,2.8282299644718566e-35,3.8847250074320883,5.344211426361417,3.8847250074320883,5.344211426361417
80|85,threshold,4.925102504290668,0.4037805673389217,12.19747284211595,3.206208593314916e-34,4.925102504290668,0.4037805673389217,12.19747284211595,3.206208593314916e-34,3.206208593314916e-34,4.133707134649232,5.716497873932104,4.133707134649232,5.716497873932104
85|90,threshold,5.576563546410499,0.5309362490429426,10.503263916266267,8.344400254769564e-26,5.576563546410499,0.5309362490429426,10.503263916266267,8.344400254769564e-26,8.344400254769564e-26,4.5359476201995435,6.617179472621455,4.5359476201995435,6.617179472621455
industry_roleMiddle Management,location,0.20518289757660316,0.26975440102037995,0.7606285450783121,0.4468789650634036,0.20518289757660316,0.26975440102037995,0.7606285450783121,0.4468789650634036,0.4468789650634036,-0.32352601309451623,0.7338918082477225,-0.32352601309451623,0.7338918082477225
industry_roleUpper Management,location,-0.002051500948333183,0.32041215517407196,-0.006402693890369589,0.9948914243012595,-0.002051500948333183,0.32041215517407196,-0.006402693890369589,0.9948914243012595,0.9948914243012595,-0.6300477852983732,0.6259447834017069,-0.6300477852983732,0.6259447834017069
interface_conddashboard,location,1.1056007199310038,0.1983591909523427,5.573730738782015,2.493410242775492e-8,1.1056007199310038,0.1983591909523427,5.573730738782015,2.493410242775492e-8,2.493410242775492e-8,0.7168238496619088,1.4943775902000989,0.7168238496619088,1.4943775902000989
task_complexitymid,location,0.4153134079460357,0.12722299629331826,3.2644523399567813,0.0010967591313819974,0.4153134079460357,0.12722299629331826,3.2644523399567813,0.0010967591313819974,0.0010967591313819974,0.16596091720585918,0.6646658986862123,0.16596091720585918,0.6646658986862123
task_complexityhard,location,1.5363844339988189,0.14226034173172977,10.799808402654381,3.449225610777909e-27,1.5363844339988189,0.14226034173172977,10.799808402654381,3.449225610777909e-27,3.449225610777909e-27,1.257559287776268,1.8152095802213697,1.257559287776268,1.8152095802213697
