y_ord,interface_cond,task_complexity,prob,SE,df,asymp.LCL,asymp.UCL,lower.CL,upper.CL
1,chatbot,easy,0.09249637084878018,0.032207825136196404,Inf,0.029370193561471386,0.15562254813608897,0.029370193561471386,0.15562254813608897
2,chatbot,easy,0.21313523919968377,0.04204741034869217,Inf,0.13072382927307036,0.2955466491262972,0.13072382927307036,0.2955466491262972
3,chatbot,easy,0.1990336354783363,0.03278106574160152,Inf,0.13478392724995752,0.2632833437067151,0.13478392724995752,0.2632833437067151
4,chatbot,easy,0.1697989027173722,0.02756830872230272,Inf,0.11576601050697743,0.22383179492776695,0.11576601050697743,0.22383179492776695
5,chatbot,easy,0.12844953690487793,0.024081241035152804,Inf,0.08125117177295038,0.17564790203680547,0.08125117177295038,0.17564790203680547
6,chatbot,easy,0.06703867095099914,0.016668349951753172,Inf,0.03436930536385298,0.09970803653814529,0.03436930536385298,0.09970803653814529
7,chatbot,easy,0.045691579333722254,0.013093269389781873,Inf,0.02002924288986906,0.07135391577757545,0.02002924288986906,0.07135391577757545
8,chatbot,easy,0.02894278195440847,0.009560545115093903,Inf,0.010204457856254078,0.04768110605256286,0.010204457856254078,0.04768110605256286
9,chatbot,easy,0.030153178792222457,0.01058514587839531,Inf,0.009406674099465058,0.050899683484979856,0.009406674099465058,0.050899683484979856
10,chatbot,easy,0.008683309863044886,0.0038937651764875333,Inf,0.0010516703528730747,0.016314949373216696,0.0010516703528730747,0.016314949373216696
11,chatbot,easy,0.008772525478453863,0.0041170848413951255,Inf,7.031874680236191e-4,0.016841863488884105,7.031874680236191e-4,0.016841863488884105
12,chatbot,easy,0.00452947908783885,0.0024313020114654243,Inf,-0.00023578529017316985,0.00929474346585087,-0.00023578529017316985,0.00929474346585087
13,chatbot,easy,0.0026103913744793816,0.0016003242737024422,Inf,-5.261865655626242e-4,0.0057469693145213874,-5.261865655626242e-4,0.0057469693145213874
14,chatbot,easy,4.578377580940485e-4,3.4883314617501355e-4,Inf,-2.2586264502277408e-4,0.0011415381612108711,-2.2586264502277408e-4,0.0011415381612108711
15,chatbot,easy,1.8113683117082502e-4,1.5877925474079213e-4,Inf,-1.3006478961323812e-4,4.923384519548882e-4,-1.3006478961323812e-4,4.923384519548882e-4
16,chatbot,easy,2.173730612731184e-5,2.4374948094814433e-5,Inf,-2.603671426355764e-5,6.951132651818133e-5,-2.603671426355764e-5,6.951132651818133e-5
17,chatbot,easy,2.862565886108115e-6,4.055068355196782e-6,Inf,-5.08522204492565e-6,1.081035381714188e-5,-5.08522204492565e-6,1.081035381714188e-5
18,chatbot,easy,7.978002932729211e-7,1.3418108402673924e-6,Inf,-1.8321006277165946e-6,3.427701214262437e-6,-1.8321006277165946e-6,3.427701214262437e-6
19,chatbot,easy,2.5754208765604858e-8,6.977847203305845e-8,Inf,-1.1100908331542509e-7,1.625175008466348e-7,-1.1100908331542509e-7,1.625175008466348e-7
1,dashboard,easy,0.007719212258671478,0.004561921336376024,Inf,-0.0012219892609303604,0.016660413778273316,-0.0012219892609303604,0.016660413778273316
2,dashboard,easy,0.04656504005178514,0.01651286860648506,Inf,0.014200412301632319,0.07892966780193797,0.014200412301632319,0.07892966780193797
3,dashboard,easy,0.08474407750726198,0.022019358255635394,Inf,0.041586928363531915,0.12790122665099204,0.041586928363531915,0.12790122665099204
4,dashboard,easy,0.12072188356880845,0.024690118817151017,Inf,0.07233013991317779,0.16911362722443912,0.07233013991317779,0.16911362722443912
5,dashboard,easy,0.14374328582809603,0.02484712773910991,Inf,0.09504381034017448,0.1924427613160176,0.09504381034017448,0.1924427613160176
6,dashboard,easy,0.10838381153895205,0.020939225237716182,Inf,0.06734368420885618,0.14942393886904792,0.06734368420885618,0.14942393886904792
7,dashboard,easy,0.09837022166337495,0.019528122024315767,Inf,0.060095805810012635,0.13664463751673725,0.060095805810012635,0.13664463751673725
8,dashboard,easy,0.08054547829614556,0.017641651071293347,Inf,0.04596847756858814,0.11512247902370297,0.04596847756858814,0.11512247902370297
9,dashboard,easy,0.11407626803023396,0.021782941868033496,Inf,0.07138248649155868,0.15677004956890925,0.07138248649155868,0.15677004956890925
10,dashboard,easy,0.04452262994420264,0.012636555142505895,Inf,0.019755436976236683,0.06928982291216859,0.019755436976236683,0.06928982291216859
11,dashboard,easy,0.05744958756794316,0.015279731840936981,Inf,0.027501863466276786,0.08739731166960954,0.027501863466276786,0.08739731166960954
12,dashboard,easy,0.04081341155810625,0.012639785624483786,Inf,0.01603988696181092,0.06558693615440159,0.01603988696181092,0.06558693615440159
13,dashboard,easy,0.03505743232587366,0.012360103724751504,Inf,0.010832074180181346,0.059282790471565976,0.010832074180181346,0.059282790471565976
14,dashboard,easy,0.009845214249746381,0.004691311873702519,Inf,6.504119370443276e-4,0.019040016562448435,6.504119370443276e-4,0.019040016562448435
15,dashboard,easy,0.0058806724278474,0.003252483078101654,Inf,-4.940772655578161e-4,0.012255422121252616,-4.940772655578161e-4,0.012255422121252616
16,dashboard,easy,0.0012075103632362971,9.145082267091229e-4,Inf,-5.848928246791742e-4,0.002999913551151768,-5.848928246791742e-4,0.002999913551151768
17,dashboard,easy,2.4480150241290577e-4,2.5029490913570647e-4,Inf,-2.457675050068041e-4,7.353705098326156e-4,-2.457675050068041e-4,7.353705098326156e-4
18,dashboard,easy,1.0264306043406002e-4,1.2603831475988211e-4,Inf,-1.44387497167432e-4,3.4967361803555204e-4,-1.44387497167432e-4,3.4967361803555204e-4
19,dashboard,easy,6.8182568676578015e-6,1.4378215277112866e-5,Inf,-2.1362527237447003e-5,3.4999040972762606e-5,-2.1362527237447003e-5,3.4999040972762606e-5
1,chatbot,mid,0.04086331623651783,0.01795776245223951,Inf,0.005666748587202716,0.07605988388583294,0.005666748587202716,0.07605988388583294
2,chatbot,mid,0.13701330146952728,0.03423521326433004,Inf,0.06991351646839249,0.20411308647066206,0.06991351646839249,0.20411308647066206
3,chatbot,mid,0.16540549788850303,0.03092756583063319,Inf,0.10478858273097039,0.22602241304603568,0.10478858273097039,0.22602241304603568
4,chatbot,mid,0.17149831631436008,0.027471337077796892,Inf,0.11765548503471837,0.22534114759400178,0.11765548503471837,0.22534114759400178
5,chatbot,mid,0.15411253673449254,0.025251675119161085,Inf,0.10462016295163065,0.20360491051735444,0.10462016295163065,0.20360491051735444
6,chatbot,mid,0.09254929893580544,0.019564542750373573,Inf,0.05420349977107903,0.13089509810053185,0.05420349977107903,0.13089509810053185
7,chatbot,mid,0.07031620152787998,0.016593882442763445,Inf,0.0377927895763721,0.10283961347938786,0.0377927895763721,0.10283961347938786
8,chatbot,mid,0.04909671028916707,0.013294074182612381,Inf,0.023040803683443047,0.07515261689489108,0.023040803683443047,0.07515261689489108
9,chatbot,mid,0.05740321312502572,0.015723431132867997,Inf,0.02658585439120863,0.08822057185884281,0.02658585439120863,0.08822057185884281
10,chatbot,mid,0.018569182063395195,0.006848880999279585,Inf,0.005145621970406515,0.031992742156383876,0.005145621970406515,0.031992742156383876
11,chatbot,mid,0.020569088774129107,0.007715512315168784,Inf,0.005446962514123042,0.03569121503413517,0.005446962514123042,0.03569121503413517
12,chatbot,mid,0.011983646309199347,0.005199490257314334,Inf,0.001792832666896357,0.022174459951502336,0.001792832666896357,0.022174459951502336
13,chatbot,mid,0.008020452117755483,0.004026153373853716,Inf,1.2933650876777343e-4,0.015911567726743195,1.2933650876777343e-4,0.015911567726743195
14,chatbot,mid,0.0016836857922948312,0.0010906608510173226,Inf,-4.5397019504692625e-4,0.0038213417796365886,-4.5397019504692625e-4,0.0038213417796365886
15,chatbot,mid,7.773597983795622e-4,5.867932816128705e-4,Inf,-3.7273389995173324e-4,0.0019274534967108575,-3.7273389995173324e-4,0.0019274534967108575
16,chatbot,mid,1.1442557412633114e-4,1.1253973418332403e-4,Inf,-1.0614825170269509e-4,3.3499939995535735e-4,-1.0614825170269509e-4,3.3499939995535735e-4
17,chatbot,mid,1.7758836109993403e-5,2.250157492556971e-5,Inf,-2.6343440339552766e-5,6.186111255953957e-5,-2.6343440339552766e-5,6.186111255953957e-5
18,chatbot,mid,5.764003364938652e-6,8.748159629956441e-6,Inf,-1.1382074440783216e-5,2.291008117066052e-5,-1.1382074440783216e-5,2.291008117066052e-5
19,chatbot,mid,2.44209966249187e-7,6.084589953801237e-7,Inf,-9.483477507652783e-7,1.4367676832636523e-6,-9.483477507652783e-7,1.4367676832636523e-6
1,dashboard,mid,0.0022759540845511284,0.0016359645529676404,Inf,-9.304775192496154e-4,0.005482385688351872,-9.304775192496154e-4,0.005482385688351872
2,dashboard,mid,0.01942212018154662,0.00865668850356088,Inf,0.0024553224891853617,0.036388917873907876,0.0024553224891853617,0.036388917873907876
3,dashboard,mid,0.045120581384642304,0.014663502873279286,Inf,0.01638064386581531,0.0738605189034693,0.01638064386581531,0.0738605189034693
4,dashboard,mid,0.07790564568856467,0.01947243783019572,Inf,0.039740368850185795,0.11607092252694355,0.039740368850185795,0.11607092252694355
5,dashboard,mid,0.11005306913876708,0.022178783077407612,Inf,0.06658345308612175,0.15352268519141243,0.06658345308612175,0.15352268519141243
6,dashboard,mid,0.09517838098382059,0.019597042699218782,Inf,0.056768883089858176,0.133587878877783,0.056768883089858176,0.133587878877783
7,dashboard,mid,0.09625053171369446,0.019324557521396824,Inf,0.05837509495458408,0.13412596847280484,0.05837509495458408,0.13412596847280484
8,dashboard,mid,0.08682146023937776,0.01835577232669698,Inf,0.05084480757063469,0.12279811290812082,0.05084480757063469,0.12279811290812082
9,dashboard,mid,0.13842457490602877,0.022986937911147694,Inf,0.09337100448532093,0.18347814532673662,0.09337100448532093,0.18347814532673662
10,dashboard,mid,0.060461854005071314,0.015401483648815781,Inf,0.030275500744909853,0.09064820726523277,0.030275500744909853,0.09064820726523277
11,dashboard,mid,0.08570701388694912,0.01883757848418615,Inf,0.048786038501997656,0.12262798927190059,0.048786038501997656,0.12262798927190059
12,dashboard,mid,0.0687228866605708,0.01731514535728721,Inf,0.034785825373211954,0.10265994794792965,0.034785825373211954,0.10265994794792965
13,dashboard,mid,0.06890969742222675,0.0193391280134854,Inf,0.031005703023385726,0.10681369182106776,0.031005703023385726,0.10681369182106776
14,dashboard,mid,0.02305201117852118,0.00929260640332497,Inf,0.004838837305497955,0.041265185051544404,0.004838837305497955,0.041265185051544404
15,dashboard,mid,0.016153085346467644,0.0075861603452950606,Inf,0.0012844842887433875,0.031021686404191902,0.0012844842887433875,0.031021686404191902
16,dashboard,mid,0.004057178862520994,0.002672298700194281,Inf,-0.0011804303457929955,0.009294788070834982,-0.0011804303457929955,0.009294788070834982
17,dashboard,mid,9.66572308755187e-4,8.820470260719787e-4,Inf,-7.622080950165531e-4,0.002695352712526927,-7.622080950165531e-4,0.002695352712526927
18,dashboard,mid,4.756826265893688e-4,5.216741539923713e-4,Inf,-5.467799269010809e-4,0.0014981451800798185,-5.467799269010809e-4,0.0014981451800798185
19,dashboard,mid,4.169938133424811e-5,7.990716322574983e-5,Inf,-1.1491578069498497e-4,1.983145433634812e-4,-1.1491578069498497e-4,1.983145433634812e-4
1,chatbot,hard,0.0021086203842995456,0.001501382517688378,Inf,-8.34035277387745e-4,0.005051276045986836,-8.34035277387745e-4,0.005051276045986836
2,chatbot,hard,0.018359710647237664,0.008457205051423838,Inf,0.00178389333657673,0.0349355279578986,0.00178389333657673,0.0349355279578986
3,chatbot,hard,0.04326035807550144,0.014805906128288143,Inf,0.014241315305575812,0.07227940084542706,0.014241315305575812,0.07227940084542706
4,chatbot,hard,0.07553664736652425,0.02000235385077624,Inf,0.03633275421297676,0.11474054052007174,0.03633275421297676,0.11474054052007174
5,chatbot,hard,0.10777746397279814,0.022870800027358487,Inf,0.06295151962155783,0.15260340832403846,0.06295151962155783,0.15260340832403846
6,chatbot,hard,0.09395778318879325,0.019775503973558466,Inf,0.05519850762448993,0.13271705875309656,0.05519850762448993,0.13271705875309656
7,chatbot,hard,0.09561875857043994,0.019303727349688122,Inf,0.0577841481976704,0.13345336894320947,0.0577841481976704,0.13345336894320947
8,chatbot,hard,0.08674096747212318,0.018341136667734785,Inf,0.05079300016783603,0.12268893477641032,0.05079300016783603,0.12268893477641032
9,chatbot,hard,0.13926291683511927,0.023219272673131126,Inf,0.0937539786485672,0.18477185502167132,0.0937539786485672,0.18477185502167132
10,chatbot,hard,0.06122723873274971,0.015725310057604993,Inf,0.03040619737411845,0.09204828009138097,0.03040619737411845,0.09204828009138097
11,chatbot,hard,0.08727270734462456,0.019590209430738092,Inf,0.04887660241078099,0.12566881227846813,0.04887660241078099,0.12566881227846813
12,chatbot,hard,0.07047590949554072,0.018212239476970003,Inf,0.03478057604286093,0.10617124294822052,0.03478057604286093,0.10617124294822052
13,chatbot,hard,0.07131469609577978,0.02026170691881135,Inf,0.031602480269603515,0.11102691192195605,0.031602480269603515,0.11102691192195605
14,chatbot,hard,0.02410060631980926,0.009577019153926792,Inf,0.00532999369886249,0.04287121894075603,0.00532999369886249,0.04287121894075603
15,chatbot,hard,0.01704748926107902,0.007867364914062883,Inf,0.0016277373762817147,0.03246724114587632,0.0016277373762817147,0.03246724114587632
16,chatbot,hard,0.004332454241328887,0.002822037815163886,Inf,-0.0011986382394024303,0.009863546722060204,-0.0011986382394024303,0.009863546722060204
17,chatbot,hard,0.0010419080918449009,9.394754886505745e-4,Inf,-7.994300302683931e-4,0.002883246213958195,-7.994300302683931e-4,0.002883246213958195
18,chatbot,hard,5.176394104661197e-4,5.583812674150459e-4,Inf,-5.767677633091988e-4,0.0016120465842414382,-5.767677633091988e-4,0.0016120465842414382
19,chatbot,hard,4.6124493940369327e-5,8.722222059182118e-5,Inf,-1.2482791707120802e-4,2.1707690495194668e-4,-1.2482791707120802e-4,2.1707690495194668e-4
1,dashboard,hard,3.781727881685286e-5,4.0764593139204126e-5,Inf,-4.207985558041579e-5,1.1771441321412151e-4,-4.207985558041579e-5,1.1771441321412151e-4
2,dashboard,hard,8.053071372207984e-4,5.966478891765727e-4,Inf,-3.6410123701712937e-4,0.0019747155114587262,-3.6410123701712937e-4,0.0019747155114587262
3,dashboard,hard,0.003545698297847552,0.002032048706569765,Inf,-4.3704398186038707e-4,0.007528440577555491,-4.3704398186038707e-4,0.007528440577555491
4,dashboard,hard,0.010239333492258416,0.004697165649349118,Inf,0.0010330579901154501,0.019445608994401384,0.0010330579901154501,0.019445608994401384
5,dashboard,hard,0.022892262458257893,0.008467313593460089,Inf,0.0062966327692696965,0.03948789214724609,0.0062966327692696965,0.03948789214724609
6,dashboard,hard,0.028497327350701186,0.009318045977721475,Inf,0.010234292828078785,0.04676036187332359,0.010234292828078785,0.04676036187332359
7,dashboard,hard,0.03855191740683726,0.011268543532075464,Inf,0.016465977925747586,0.060637856887926944,0.016465977925747586,0.060637856887926944
8,dashboard,hard,0.04511182690354279,0.012353249594573608,Inf,0.0208999026061445,0.06932375120094109,0.0208999026061445,0.06932375120094109
9,dashboard,hard,0.09959874221238765,0.020401024241982153,Inf,0.05961346945037409,0.1395840149744012,0.05961346945037409,0.1395840149744012
10,dashboard,hard,0.05852856387725153,0.015127565271736625,Inf,0.028879080770868874,0.08817804698363418,0.028879080770868874,0.08817804698363418
11,dashboard,hard,0.1073295463872011,0.021318242511233994,Inf,0.06554655885149177,0.14911253392291043,0.06554655885149177,0.14911253392291043
12,dashboard,hard,0.11937841547314793,0.023825128474115616,Inf,0.0726820217368416,0.16607480920945425,0.0726820217368416,0.16607480920945425
13,dashboard,hard,0.18364779020914046,0.03239743805030454,Inf,0.12014997843917603,0.2471456019791049,0.12014997843917603,0.2471456019791049
14,dashboard,hard,0.09758044151802325,0.026400155466798962,Inf,0.04583708761683908,0.14932379541920743,0.04583708761683908,0.14932379541920743
15,dashboard,hard,0.10636533133436932,0.030132935816112642,Inf,0.04730586238633149,0.16542480028240714,0.04730586238633149,0.16542480028240714
16,dashboard,hard,0.04575875520507944,0.0199031532081731,Inf,0.00674929173827734,0.08476821867188153,0.00674929173827734,0.08476821867188153
17,dashboard,hard,0.016752969344824287,0.011074981563145644,Inf,-0.00495359564838628,0.038459534338034854,-0.00495359564838628,0.038459534338034854
18,dashboard,hard,0.012929466407042622,0.009684873523802772,Inf,-0.006052536894436328,0.03191146970852157,-0.006052536894436328,0.03191146970852157
19,dashboard,hard,0.0024484877060496624,0.003380656066034136,Inf,-0.0041774764274941055,0.00907445183959343,-0.0041774764274941055,0.00907445183959343
